payment_uuid,transaction_id,authorization_code,cc_name,mop_amount,mop_code,payment_entry_method,payment_timestamp,payment_type
c1144826-e231-4877-9fab-5a866b98b806,9084770,50859,Visa,28.32,2,ContactlessSmartCard,2025-03-10 15:35:44+05:30,sale
ef9295de-6672-4024-ab0c-6375b3614efd,9024617,80322,Visa,20.17,2,ContactlessSmartCard,2025-03-10 15:45:40+05:30,sale
1136d5d0-0fd8-4c43-9c56-46a1752b7ca6,9084771,87222,Visa,16.08,2,ContactlessSmartCard,2025-03-10 15:50:50+05:30,sale
039fa5d2-2d31-4b48-aac6-570f319d73b5,9013371,60488,Visa,11.38,2,ContactlessSmartCard,2025-03-10 15:51:09+05:30,sale
647ab34e-04ed-401a-be0b-297176b8280a,1011176,5239,Visa,13.00,2,SmartCard,2025-03-10 16:13:20+05:30,sale
76ec798d-8794-44f9-9520-de786c82e6bd,9024618,1161,Visa,37.43,2,ContactlessSmartCard,2025-03-10 16:13:49+05:30,sale
bc71a773-dc91-4ad5-8868-6af7ee00adf6,9076371,5741,Visa,37.60,2,ContactlessSmartCard,2025-03-10 16:25:19+05:30,sale
52993b6b-efa7-4220-93b3-754cef7b0c72,1011177,718029,Debit,4.92,3,SmartCard,2025-03-10 16:34:34+05:30,sale
57099d78-baf6-46db-b90c-caa5c2d372b5,1011178,658214,Debit,9.52,3,SmartCard,2025-03-10 16:36:24+05:30,sale
0174710a-417d-403c-a4ab-108cb5535091,1011179,,,22.00,1,CASH,2025-03-10 16:37:10+05:30,sale
f47bbf08-9bdc-4c3b-afe1-aaa9b6d6fd56,1011179,,,-0.22,1,Change,2025-03-10 16:37:10+05:30,sale
7df8ce79-f5c4-4efe-8414-916445233bac,1011180,7500,Mastercard,5.54,2,ContactlessSmartCard,2025-03-10 16:37:29+05:30,sale
085b4596-10dd-405d-92c1-afb8e95742eb,9035508,,,22.00,1,CASH,2025-03-10 16:39:07+05:30,sale
5fa05772-2107-4e85-8a72-f3703ae6cd5c,9035508,,,-0.22,1,Change,2025-03-10 16:39:07+05:30,sale
aa7605e7-332d-4c6b-8d3c-5784ae11c593,1011179,,,22.00,1,CASH,2025-03-10 16:37:09+05:30,sale
d8e13f4e-8f78-44ab-a62d-18a53e98b807,1011179,,,-0.22,1,Change,2025-03-10 16:37:09+05:30,sale
47ecad75-79d1-4088-9845-cd5e68623301,1011181,659489,Debit,30.38,3,SmartCard,2025-03-10 16:41:45+05:30,sale
1fde996a-0c1f-4f22-94f7-6b1e2b33f63a,1011182,51907,Visa,10.09,2,ContactlessSmartCard,2025-03-10 16:43:44+05:30,sale
0c40cc9d-17de-471d-84d5-010a7d785b27,1011183,62401,Visa,79.90,2,ContactlessSmartCard,2025-03-10 16:48:42+05:30,sale
b440a193-25f8-4243-944d-796d32013283,1011184,2477,Visa,12.60,2,SmartCard,2025-03-10 16:52:28+05:30,sale
dfa73d70-586b-4795-be91-71944bc154b7,1011185,,,10.00,1,CASH,2025-03-10 16:52:52+05:30,sale
3306f5df-f682-4c6a-81f9-8e0898e5e1a8,1011185,,,-8.00,1,Change,2025-03-10 16:52:52+05:30,sale
bc1f928f-3773-4aa6-aac3-4340fe03b81b,9054766,8180,Visa,51.28,2,ContactlessSmartCard,2025-03-10 16:53:07+05:30,sale
afae3d35-c6c9-4a0a-abcc-1dae5f7fc48c,1011186,792919,Debit,6.09,3,ContactlessSmartCard,2025-03-10 16:53:19+05:30,sale
94c2c490-0d52-4576-ba15-79b65a48ea71,1011187,883741,Am Express,5.16,2,ContactlessSmartCard,2025-03-10 17:02:14+05:30,sale
0735455d-5d58-43fc-a33e-b9aa854d858d,1011188,690892,Debit,9.71,3,SmartCard,2025-03-10 17:02:49+05:30,sale
10a9a8ba-3126-4c4c-be0a-c740a2099ea6,1011189,371737,Debit,6.03,3,SmartCard,2025-03-10 17:05:58+05:30,sale
1fa3055c-c8c2-420a-9ee1-4ce38747f54c,9024619,2784,Mastercard,25.36,2,ContactlessSmartCard,2025-03-10 17:14:00+05:30,sale
ab9b5999-e9e5-4bb5-8278-e865249d779f,1011190,,,26.00,1,CASH,2025-03-10 17:15:25+05:30,sale
97bd276a-179d-4a56-ae69-a696c65c1560,1011190,,,-0.45,1,Change,2025-03-10 17:15:25+05:30,sale
282cf33e-fc2f-4cd0-9d48-0353009d939e,1011191,3253,Mastercard,1.29,2,SmartCard,2025-03-10 17:15:47+05:30,sale
67ea18c7-d7bd-4693-becc-d13c049a4765,1011192,525824,Debit,7.15,3,SmartCard,2025-03-10 17:16:20+05:30,sale
56c900f7-f8b8-4db4-b993-9480d302a8db,1011193,141477,Debit,6.86,3,ContactlessSmartCard,2025-03-10 17:18:49+05:30,sale
a2086964-f252-4cb7-85e6-87c9bd6c68a5,1011194,247242,Visa,116.98,2,SmartCard,2025-03-10 17:29:04+05:30,sale
79a32bb9-bee9-421d-9694-5178d7fbe899,1011195,,,18.00,1,CASH,2025-03-10 17:29:26+05:30,sale
1ba2d86b-7c72-44a0-b99d-3b7f3a315e71,1011196,70516,Mastercard,26.89,2,ContactlessSmartCard,2025-03-10 17:29:55+05:30,sale
ced00166-5d92-4508-9fe8-cbf54198ff77,1011197,,,10.00,1,CASH,2025-03-10 17:30:57+05:30,sale
286997bb-0b6c-44ed-bc74-209c5fe47c36,1011197,,,-3.89,1,Change,2025-03-10 17:30:57+05:30,sale
2e3b8100-27fb-4d5d-9269-b714219483a3,9076372,,,18.00,1,CASH,2025-03-10 17:31:48+05:30,sale
85d2c4b0-ddff-43b1-94f9-03baba5d580e,1011195,,,18.00,1,CASH,2025-03-10 17:29:25+05:30,sale
8b1aca44-cdb4-47ba-883a-f8fe2466985a,1011198,7618,Visa,9.61,2,ContactlessSmartCard,2025-03-10 17:33:59+05:30,sale
6c5d97d1-0eaa-45a9-aec7-f27f201b30e6,9024620,656421,Debit,37.59,3,SmartCard,2025-03-10 17:34:09+05:30,sale
7a5bdb4b-c060-4c90-a165-f1c05e013af8,9076373,10153,Mastercard,12.05,2,ContactlessSmartCard,2025-03-10 17:34:32+05:30,sale
19129720-b75d-40aa-844e-39d6757e5361,9084772,704398,Debit,20.05,3,SmartCard,2025-03-10 17:35:40+05:30,sale
3714b12f-16fc-43c7-b4ac-70cf577cab8b,1011200,15596,Mastercard,6.47,2,SmartCard,2025-03-10 17:36:01+05:30,sale
3b9bd551-1166-4caa-9f73-cd57de2043f5,1011201,972275,Debit,3.68,3,ContactlessSmartCard,2025-03-10 17:38:34+05:30,sale
97fb4801-59e9-4892-ac4f-3888b1f06dac,9013372,71356,Visa,6.47,2,ContactlessSmartCard,2025-03-10 17:39:54+05:30,sale
334163bd-e22d-4926-b9dc-26cf6fd1e428,1011202,683005,Debit,5.81,3,SmartCard,2025-03-10 17:41:46+05:30,sale
81665ff6-a06a-4a30-b8cd-105e4bd2a863,1011203,10624,Visa,0.94,2,SmartCard,2025-03-10 17:42:57+05:30,sale
563cdb86-6bfa-4187-834f-6b496f6c534c,9076374,961194,Debit,52.14,3,ContactlessSmartCard,2025-03-10 17:43:21+05:30,sale
8544e717-84c2-4886-abfd-36b2cf53852e,1011204,48532,Mastercard,13.13,2,ContactlessSmartCard,2025-03-10 17:43:41+05:30,sale
88bc11e5-7103-4658-8d50-c482b0aa198c,1011205,71924,Visa,23.43,2,ContactlessSmartCard,2025-03-10 17:44:04+05:30,sale
4c9869b8-c768-4ef4-87a0-de136d385118,9084773,71924,Visa,23.43,2,ContactlessSmartCard,2025-03-10 17:46:24+05:30,sale
85dd7378-249e-46bd-80c0-3c249192e7a1,1011205,71924,Visa,23.43,2,ContactlessSmartCard,2025-03-10 17:44:04+05:30,sale
1aeb9dec-97fb-4920-a9f8-ca7c3de24ae7,1011206,82045,Visa,6.11,2,SmartCard,2025-03-10 17:54:42+05:30,sale
9018a828-ae13-4f11-a770-240dc6cb9fa7,1011207,,,5.00,1,CASH,2025-03-10 17:55:50+05:30,sale
3421a1eb-733d-4370-b4a3-8b8673ea3b5a,1011207,,,-1.85,1,Change,2025-03-10 17:55:50+05:30,sale
f8cfb3e7-55bd-4508-acbd-c395ab8f68c5,1011208,6877,Visa,13.13,2,ContactlessSmartCard,2025-03-10 17:57:08+05:30,sale
25948f0a-52ff-4bbd-b212-448c32e7eed6,1011209,7565,Visa,13.10,2,ContactlessSmartCard,2025-03-10 17:57:31+05:30,sale
8de1d163-6485-4a2a-ad2d-f2700b27062d,9024621,8057,Visa,79.78,2,SmartCard,2025-03-10 17:57:48+05:30,sale
cac55697-3108-4ddb-b953-29ff8263104d,9045133,9995,Mastercard,44.53,2,ContactlessSmartCard,2025-03-10 17:59:37+05:30,sale
ae5803d7-4935-4ddb-93c5-30d868f7dc99,9076375,51721,Wright Exp,97.30,2,SmartCard,2025-03-10 18:00:30+05:30,sale
65e636df-75d7-4160-9141-c874677450ed,1011210,,,-2.00,1,CASH,2025-03-10 18:01:00+05:30,sale
985df83b-31de-4e9c-abfd-f0f3ade03052,1011211,,,6.00,1,CASH,2025-03-10 18:05:24+05:30,sale
00159b61-2175-4bea-93f1-d1cf86f44adf,1011211,,,-0.20,1,Change,2025-03-10 18:05:24+05:30,sale
94911a18-c21d-46f9-a050-a9a736dd1e02,1011212,2669,Mastercard,11.09,2,ContactlessSmartCard,2025-03-10 18:09:01+05:30,sale
e4fb9ea9-016c-4fc2-a938-ef7bcfebae18,9045134,74889,Wright Exp,73.12,2,Swipe,2025-03-10 18:10:12+05:30,sale
a5080d93-3bac-430a-995e-1367d0344017,9013373,644408,Debit,14.10,3,SmartCard,2025-03-10 18:12:11+05:30,sale
05a4c745-7652-4cd8-aa3f-c7e1fb29190a,1011213,,,5.00,1,CASH,2025-03-10 18:14:04+05:30,sale
6d87b66e-d7c6-4e28-8a5c-6709d7f9e617,1011213,,,-0.70,1,Change,2025-03-10 18:14:04+05:30,sale
0226fc92-5da7-485c-b900-5185beb281d7,1011214,796154,Visa,24.42,2,SmartCard,2025-03-10 18:16:39+05:30,sale
3c93e738-3920-448c-87e9-69816405e704,1011215,,,5.00,1,CASH,2025-03-10 18:17:11+05:30,sale
539469c5-9209-44a2-9923-e7e765610421,1011215,,,-0.28,1,Change,2025-03-10 18:17:11+05:30,sale
3453d7f2-9972-4ac3-83f4-950e9d1390d8,1011216,1062,Discover,20.05,2,ContactlessSmartCard,2025-03-10 18:18:02+05:30,sale
cc2c8ff6-2114-4fd2-8f40-e1fc8ca97d55,1011218,670350,Debit,6.11,3,ContactlessSmartCard,2025-03-10 18:19:52+05:30,sale
61edae61-31af-449c-9be2-cbd82b387c65,9045135,700135,Visa,25.01,2,SmartCard,2025-03-10 18:20:02+05:30,sale
68d942b7-3b07-4cda-8845-ee82d5f181db,1011219,,,8.00,1,CASH,2025-03-10 18:20:13+05:30,sale
9b2450ec-e937-4df9-b7e5-c621a02bbe91,1011219,,,-0.19,1,Change,2025-03-10 18:20:13+05:30,sale
9c84243a-a9e8-41ab-98d8-8dd8c275592e,1011220,8787,Visa,23.76,2,SmartCard,2025-03-10 18:21:05+05:30,sale
3e651bf4-6857-4815-bbde-195944a3ca3a,9054767,3507,Visa,32.74,2,ContactlessSmartCard,2025-03-10 18:21:36+05:30,sale
4d8b46bd-e17d-4bbc-9bec-fead1aba17cc,9084774,3253,Visa,52.80,2,ContactlessSmartCard,2025-03-10 18:23:23+05:30,sale
343c337f-88f4-4041-ad35-d0cfbc43c08e,9076376,730200,Debit,10.68,3,SmartCard,2025-03-10 18:25:51+05:30,sale
aaf5da1b-bf8c-4a82-b794-21426c28e152,1011221,,,5.00,1,CASH,2025-03-10 18:29:50+05:30,sale
651b4a23-d534-419f-b29e-80473ace1130,1011221,,,-2.37,1,Change,2025-03-10 18:29:50+05:30,sale
d6fcec79-02cc-47c5-b0c0-1f7faea12da1,9084775,3249,Visa,23.94,2,ContactlessSmartCard,2025-03-10 18:31:18+05:30,sale
d02babc1-2962-4d41-a9f7-1e3e376aa7ab,9024622,30609,Visa,23.37,2,ContactlessSmartCard,2025-03-10 18:32:47+05:30,sale
13dcfb93-5ce6-4d4c-95b8-dc21ff9fc01a,1011222,5338,Visa,42.61,2,SmartCard,2025-03-10 18:33:23+05:30,sale
5012e2aa-2223-4df9-9ce9-748183834c09,1011223,81025,Mastercard,10.85,2,ContactlessSmartCard,2025-03-10 18:35:04+05:30,sale
f8e13de1-1dbf-4145-8f78-b29277bad2cd,9013374,5338,Visa,42.61,2,SmartCard,2025-03-10 18:36:42+05:30,sale
82722095-9cf4-46d3-aee9-df899afba541,1011222,5338,Visa,42.61,2,SmartCard,2025-03-10 18:33:23+05:30,sale
1089c2dd-1e92-4493-9551-b5d81bc3a875,1011224,81223,Mastercard,9.00,2,ContactlessSmartCard,2025-03-10 18:37:02+05:30,sale
5748d6d0-4e4e-4c00-9afa-c9a9d828afbd,9076377,81223,Mastercard,9.00,2,ContactlessSmartCard,2025-03-10 18:38:19+05:30,sale
1747edab-300b-4752-bb74-fc27349d388c,1011224,81223,Mastercard,9.00,2,ContactlessSmartCard,2025-03-10 18:37:02+05:30,sale
e703b08d-fe24-491b-8b34-1cd2bb8bddf1,1011225,430523,Visa,15.69,2,SmartCard,2025-03-10 18:40:25+05:30,sale
0040fbc2-d988-44cc-adc8-ff3883ead040,1011226,993933,Debit,25.96,3,SmartCard,2025-03-10 18:42:57+05:30,sale
05df8406-e4e3-4213-9d2c-ea7304d9c5b8,1011227,993978,Debit,10.00,3,SmartCard,2025-03-10 18:43:45+05:30,sale
ea81e783-2b97-48f0-bf24-b8a1b41091ea,1011228,,,7.00,1,CASH,2025-03-10 18:44:19+05:30,sale
0e4921f1-f83f-4da2-8527-b1d93345c109,1011228,,,-0.14,1,Change,2025-03-10 18:44:19+05:30,sale
8f5a14b7-f45e-448d-bca6-0e0bae46efbe,9084776,1057,Discover,24.83,2,ContactlessSmartCard,2025-03-10 18:45:31+05:30,sale
f2845cff-8b08-4d3a-bf8c-6431ca0510ec,9076378,5000,ExxonMobil G,44.95,2,Swipe,2025-03-10 18:46:08+05:30,sale
553c9e69-0bfe-4e0e-8667-6ad22e5a0551,1011229,,,5.00,1,CASH,2025-03-10 18:47:18+05:30,sale
1d0223be-9b52-403a-b740-accb48062b53,1011229,,,-2.21,1,Change,2025-03-10 18:47:18+05:30,sale
3cf5efcb-5bf0-43de-93b6-bee367cf2be7,1011230,,ExxonMobil G,5.05,2,Swipe,2025-03-10 18:47:45+05:30,sale
044f15c3-d063-4f79-ab64-d7026f97d37d,1011230,9506,Visa,1.81,2,ContactlessSmartCard,2025-03-10 18:47:55+05:30,sale
96045901-3d3b-4a84-ae0f-26c370170241,9035509,828866,Am Express,53.19,2,SmartCard,2025-03-10 18:55:21+05:30,sale
954855f0-63f2-4e97-b197-bec062fc6597,1011231,679275,Debit,18.94,3,SmartCard,2025-03-10 18:58:00+05:30,sale
2aa5ea5e-0a80-43df-9fa2-df453ea8dc44,9024623,800163,Visa,20.71,2,ContactlessSmartCard,2025-03-10 19:02:13+05:30,sale
372bca79-c7f2-42ff-b15e-953363f4cd04,1011233,,,8.00,1,CASH,2025-03-10 19:18:12+05:30,sale
f5e0c3fb-9783-43a8-b62c-f43c3d5dac92,1011233,,,-0.30,1,Change,2025-03-10 19:18:12+05:30,sale
b11b90cf-eb20-4bce-be63-76a3bbac1394,9084777,9788,Visa,50.12,2,ContactlessSmartCard,2025-03-10 19:24:00+05:30,sale
e1263d4d-9fb5-4d99-894e-e36ccf6ef485,1011234,,,40.86,1,CASH,2025-03-10 19:31:26+05:30,sale
e8ad4afd-1b63-42fe-b5d1-9e06765bd36c,1011234,,,-15.00,1,Change,2025-03-10 19:31:26+05:30,sale
a343248b-2c65-4b53-8da8-0b5deeb9065c,1011235,,,24.10,1,CASH,2025-03-10 19:32:56+05:30,sale
b6ef2b6e-c3ef-4da6-82fe-32f5157b2192,1011235,,,-0.01,1,Change,2025-03-10 19:32:56+05:30,sale
81304b82-4fe0-466d-8427-e5af3b2dd690,9035510,179416,Debit,30.02,3,SmartCard,2025-03-10 19:41:38+05:30,sale
d0937f14-ec00-4f86-9399-46152100b839,1011236,789,Visa,33.17,2,ContactlessSmartCard,2025-03-10 19:45:05+05:30,sale
c0900cd2-b4a0-4cb9-86dd-f86ca7bdf635,1011237,,,20.00,1,CASH,2025-03-10 19:50:15+05:30,sale
f8b5a6d8-b1ec-4d16-81ce-c1d08db27c57,1011237,,,-7.56,1,Change,2025-03-10 19:50:15+05:30,sale
6f482850-cf17-43d7-93ee-d790773f910c,9076379,867204,Am Express,78.00,2,ContactlessSmartCard,2025-03-10 19:50:18+05:30,sale
0cab65cb-2095-4972-b2ac-39522a73d7a5,1011238,386845,Debit,34.90,3,SmartCard,2025-03-10 19:52:18+05:30,sale
6264c459-1058-4162-9034-d38b1c4e68ac,1011239,,,10.00,1,CASH,2025-03-10 19:54:33+05:30,sale
18887cb4-e46c-48f6-97a9-fb3c2cbfdafd,1011239,,,-0.35,1,Change,2025-03-10 19:54:33+05:30,sale
b39b8be2-fa82-4d48-89e7-4ef3dcf5c12d,1011240,31015,Mastercard,10.34,2,SmartCard,2025-03-10 19:56:03+05:30,sale
b98f6975-b330-4acd-bf32-503a59ee6293,9035511,386845,Debit,34.90,3,SmartCard,2025-03-10 19:58:07+05:30,sale
b78f31ec-7356-47fc-b3fc-724e2211da68,1011238,386845,Debit,34.90,3,SmartCard,2025-03-10 19:52:18+05:30,sale
764422c4-36ee-43e5-a6e0-5506730572a7,1011241,388759,Debit,10.00,3,SmartCard,2025-03-10 19:58:50+05:30,sale
394133d2-524c-4619-963e-f7300c410433,9035512,388759,Debit,10.00,3,SmartCard,2025-03-10 20:00:58+05:30,sale
fe0e1c94-2244-48ee-8073-5a0828f792b3,1011241,388759,Debit,10.00,3,SmartCard,2025-03-10 19:58:50+05:30,sale
9a008e38-e589-4b87-a226-cce65bf4f0ce,9076380,2095,Visa,34.25,2,ContactlessSmartCard,2025-03-10 20:04:11+05:30,sale
229364e1-2016-47ac-a283-ca6c3be66f16,9084778,2363,Visa,32.00,2,ContactlessSmartCard,2025-03-10 20:04:07+05:30,sale
f70edea0-5a3d-4ee3-85bf-c30f6faffa7c,1011242,,,21.00,1,CASH,2025-03-10 20:04:50+05:30,sale
d0a6a7c4-eb35-4bc8-9ffd-99d6778e52d8,1011242,,,-10.25,1,Change,2025-03-10 20:04:50+05:30,sale
c308c4c7-41e7-4930-8823-4b8b03b0b916,1011243,,,30.00,1,CASH,2025-03-10 20:10:30+05:30,sale
b5391602-c74f-4d57-863d-a11b1f38ca99,1011243,,,-2.25,1,Change,2025-03-10 20:10:30+05:30,sale
1e50936d-6e0d-424c-907e-9af3a5e63a55,9045136,,,30.00,1,CASH,2025-03-10 20:13:03+05:30,sale
987abbf6-3f36-4a6e-ac6e-a5cf85bc04fa,9045136,,,-2.25,1,Change,2025-03-10 20:13:03+05:30,sale
889b7c76-71bb-4c05-ac1d-0e7b03df4691,1011243,,,30.00,1,CASH,2025-03-10 20:10:30+05:30,sale
92791935-6e6e-4693-ae1c-2974be85e877,1011243,,,-2.25,1,Change,2025-03-10 20:10:30+05:30,sale
de1df3da-f415-4e0e-9777-4d8203de425d,1011248,706755,Debit,4.06,3,SmartCard,2025-03-10 20:13:14+05:30,sale
cf95c34b-57a0-40a5-b39f-a09459cd64e3,1011249,10854,Visa,9.79,2,ContactlessSmartCard,2025-03-10 20:20:10+05:30,sale
4d3aabff-355e-4e0a-b1fd-805f4099ae14,9054768,390106,Debit,29.00,3,ContactlessSmartCard,2025-03-10 20:22:01+05:30,sale
ebf61777-db51-4b46-bc30-458ed87a739a,9013375,38295,Debit,46.67,3,SmartCard,2025-03-10 20:24:23+05:30,sale
79ef26c2-70fb-4f4e-bfca-95f0983a2a82,1011251,700352,Debit,11.79,3,SmartCard,2025-03-10 20:26:45+05:30,sale
803acc13-cbd1-4fae-96b9-c809cba218ca,1011252,,,20.00,1,CASH,2025-03-10 20:27:32+05:30,sale
7e7b373e-a7eb-45d8-9945-8301cc201adb,1011253,,,20.00,1,CASH,2025-03-10 20:27:36+05:30,sale
15beffcb-4b2a-46fc-954a-6db4be33c0c2,1011254,,,20.00,1,CASH,2025-03-10 20:27:42+05:30,sale
3f5b4bd7-247a-4f4b-91e6-b436d67f0afd,1011255,,,40.00,1,CASH,2025-03-10 20:27:58+05:30,sale
c028474d-4e87-4c02-8863-31d82aad670d,1011255,,,-36.50,1,Change,2025-03-10 20:27:58+05:30,sale
8e276972-5d80-4058-ba3e-434d76fa9460,9045137,,,40.00,1,CASH,2025-03-10 20:28:51+05:30,sale
04f0a4a4-44e1-486e-be24-e44858b42ec1,9045137,,,-36.50,1,Change,2025-03-10 20:28:51+05:30,sale
389ca216-88d0-402b-be91-7db21e004b59,1011255,,,40.00,1,CASH,2025-03-10 20:27:58+05:30,sale
1f3e3870-1f87-42f1-831f-7d0f61fe72e9,1011255,,,-36.50,1,Change,2025-03-10 20:27:58+05:30,sale
23470ed3-1cfc-49d0-940e-e0dbc511eebf,1011256,668600,Debit,11.20,3,SmartCard,2025-03-10 20:29:07+05:30,sale
69e793ea-92d2-4cde-9d3b-e04f955fd80e,1011257,450453,Visa,16.96,2,ContactlessSmartCard,2025-03-10 20:29:34+05:30,sale
79a43b5d-3aa9-4b24-b771-d1a2f343973f,9054769,,,20.00,1,CASH,2025-03-10 20:30:34+05:30,sale
2b94d23b-822e-483e-8c0f-3fe6869065f5,1011252,,,20.00,1,CASH,2025-03-10 20:27:31+05:30,sale
623bd70c-00c4-4e99-86e4-e554ebf4f7f7,9084779,,,20.00,1,CASH,2025-03-10 20:30:53+05:30,sale
5fef9d7d-864f-4aa6-bea3-1b6ad75534fb,1011254,,,20.00,1,CASH,2025-03-10 20:27:41+05:30,sale
9e5e1370-942a-416e-9328-d317d210a1b8,9076381,,,20.00,1,CASH,2025-03-10 20:31:04+05:30,sale
8a260f81-f7cd-4f59-bbe0-0e98f453e4af,1011253,,,20.00,1,CASH,2025-03-10 20:27:36+05:30,sale
c43faa05-2049-456b-a00f-09e3871de7b0,1011258,674031,EBT Snap,14.87,13,Swipe,2025-03-10 20:30:42+05:30,sale
c1360683-9bd6-4975-ac01-e402fa44d005,1011258,,,2.00,1,CASH,2025-03-10 20:32:24+05:30,sale
0aa7b9e4-66f2-46e5-8c30-5ce44562cd0b,1011258,,,-0.64,1,Change,2025-03-10 20:32:24+05:30,sale
2749aabf-d7df-49c3-8803-6f1434f53fe2,1011259,,,3.50,1,CASH,2025-03-10 20:32:49+05:30,sale
695f5c06-916d-49bf-9b1b-e316f682ef3e,1011260,689184,Debit,2.69,3,SmartCard,2025-03-10 20:33:26+05:30,sale
cb59e077-358a-4d1e-bdab-6766ca3739fd,9035513,,,3.50,1,CASH,2025-03-10 20:33:52+05:30,sale
442228af-6854-4c97-b319-23a97b99ee5a,1011259,,,3.50,1,CASH,2025-03-10 20:32:49+05:30,sale
71f8eeb4-a314-4010-b85a-a7ad2a300bac,1011261,394705,Visa,5.80,2,SmartCard,2025-03-10 20:34:02+05:30,sale
a1c75c59-0d3a-4502-b7d0-b84d28b3ee3f,1011262,,,20.00,1,CASH,2025-03-10 20:34:51+05:30,sale
da5c4646-928a-41d3-94cb-42ebe0b32918,1011262,,,-12.18,1,Change,2025-03-10 20:34:51+05:30,sale
714a1b28-4fb2-4005-b5be-d859f39058c8,1011263,,,10.00,1,CASH,2025-03-10 20:39:29+05:30,sale
c4d0d6e6-50ff-42e3-b2cd-a7c2e2b95fc6,1011263,,,-3.51,1,Change,2025-03-10 20:39:29+05:30,sale
a97494b6-6a6e-4ce4-a162-2695f35ddd1f,1011264,526337,Debit,2.42,3,SmartCard,2025-03-10 20:43:17+05:30,sale
7d2e6b71-1968-4966-a069-bf3be3b1e0c0,1011265,,,6.00,1,CASH,2025-03-10 20:49:14+05:30,sale
148ca168-a68f-448d-8b84-68050a2dbf91,1011265,,,-0.27,1,Change,2025-03-10 20:49:14+05:30,sale
53c41f96-c27d-4157-8706-e8b35cebd949,9076382,10013,Visa,61.16,2,ContactlessSmartCard,2025-03-10 20:52:57+05:30,sale
dca54aa1-74a2-4904-ace9-7c9b2097b62f,1011266,,,5.00,1,CASH,2025-03-10 20:54:04+05:30,sale
e700c44c-3566-473a-8b1a-b463b3dd7bec,9045138,92959,Visa,50.57,2,ContactlessSmartCard,2025-03-10 20:54:42+05:30,sale
560254a7-aff0-472a-928d-8449a6e94ddc,1011267,136920,Debit,28.03,3,SmartCard,2025-03-10 20:57:00+05:30,sale
f0b05162-d92c-458c-9fd1-e2c06b4ca676,9084780,2744,Mastercard,63.87,2,ContactlessSmartCard,2025-03-10 20:57:16+05:30,sale
fe5cbf1d-745e-49fc-9b2b-a7ffa448bb6a,1011268,95202,Mastercard,12.50,2,ContactlessSmartCard,2025-03-10 20:59:30+05:30,sale
0b215132-8c80-4819-87b6-849e5565337e,1011269,6017,Visa,17.58,2,ContactlessSmartCard,2025-03-10 21:00:12+05:30,sale
1d8b586b-d2a8-4d60-ab95-b61fd692b8d0,1011270,326690,Visa,2.52,2,SmartCard,2025-03-10 21:02:06+05:30,sale
a4594331-cd73-4eeb-97fa-2ad59803cf4d,1011271,102774,Debit,3.26,3,ContactlessSmartCard,2025-03-10 21:02:25+05:30,sale
0b908a81-d191-47fd-a689-e695f2a5a7dc,9084781,578342,Wright Exp,110.45,2,Swipe,2025-03-10 21:15:33+05:30,sale
bf927d83-81d6-45ab-9948-7ef878b8b1a1,1011272,,,20.00,1,CASH,2025-03-10 21:31:13+05:30,sale
dc4f9588-a87b-40cd-b67c-57e1c0418f30,1011272,,,-4.02,1,Change,2025-03-10 21:31:13+05:30,sale
51aecd4d-57d7-4ba9-8fd2-eec5d88c5cf9,1011273,,,20.00,1,CASH,2025-03-10 21:31:58+05:30,sale
fbd7d375-4484-45f0-899d-501913b2b78a,1011273,,,-14.76,1,Change,2025-03-10 21:31:58+05:30,sale
873587e1-a499-4d7b-8c06-21bed50f038a,1011274,,,5.10,1,CASH,2025-03-10 21:35:07+05:30,sale
e03231ba-5490-4bbc-a193-f84989ad16ba,1011274,,,-1.01,1,Change,2025-03-10 21:35:07+05:30,sale
7a33266c-451b-4bf8-87c8-a0814e6fce59,1011275,,,20.00,1,CASH,2025-03-10 21:38:48+05:30,sale
75a9c74c-51ca-41dc-a8ae-8144fe26566f,1011275,,,-6.87,1,Change,2025-03-10 21:38:48+05:30,sale
80fe553a-5dd2-4bb7-b1fb-2a3b3743c4a4,9084782,237,Visa,,2,ContactlessSmartCard,2025-03-10 21:38:44+05:30,sale
44f02d0a-532f-416c-a210-d35c1fbab499,1011276,968253,Debit,7.47,3,SmartCard,2025-03-10 21:39:35+05:30,sale
4fd35ea4-b648-4b83-b217-e13d052519a9,9054770,421667,Mastercard F,78.12,2,SmartCard,2025-03-10 21:42:50+05:30,sale
d76868e7-f813-46b8-831c-8ed745062b7a,9084783,9476,Visa,24.65,2,SmartCard,2025-03-10 21:43:10+05:30,sale
53d1e324-4dc5-4d4a-a898-865fa72f8e53,1011277,,,21.10,1,CASH,2025-03-10 21:44:33+05:30,sale
f7a57ac1-e7e4-45cb-9197-68e2f0641ddd,1011277,,,-0.01,1,Change,2025-03-10 21:44:33+05:30,sale
256c374a-1b27-44c7-8ddb-a42ce2b798ae,1011278,12218,Mastercard,22.47,2,ContactlessSmartCard,2025-03-10 21:46:58+05:30,sale
c38c6a78-d317-4740-a2c5-eeb7c2ef702e,1011279,28727,Debit,39.21,3,SmartCard,2025-03-10 21:50:19+05:30,sale
9ef5d71d-9636-4b34-8acd-2e3a02feceba,1011280,,,20.00,1,CASH,2025-03-10 21:50:32+05:30,sale
14e1aa67-a586-467c-b101-9c1f487bdfe0,9076383,,,20.00,1,CASH,2025-03-10 21:52:08+05:30,sale
8486f75d-8a7b-468e-9a8b-a42a9b32dd79,1011280,,,20.00,1,CASH,2025-03-10 21:50:31+05:30,sale
d36fad14-0e12-4c52-b7c5-a62f901c288f,9024624,28727,Debit,39.21,3,SmartCard,2025-03-10 21:52:37+05:30,sale
2280d9af-6bb4-4d9d-ba41-746f74d555cb,1011279,28727,Debit,39.21,3,SmartCard,2025-03-10 21:50:19+05:30,sale
fe993217-ef0d-4f1f-91fe-25a9bcefe71f,1011281,87438,Debit,10.00,3,ContactlessSmartCard,2025-03-10 21:52:53+05:30,sale
12c89874-1b63-4cba-bb87-1bac5e545145,9035514,87438,Debit,10.00,3,ContactlessSmartCard,2025-03-10 21:54:38+05:30,sale
03a9a33e-e823-40e2-88df-fd366ec0c358,1011281,87438,Debit,10.00,3,ContactlessSmartCard,2025-03-10 21:52:53+05:30,sale
b077a307-333b-4538-b23b-6289aa35cf44,1011282,864766,Am Express,12.63,2,ContactlessSmartCard,2025-03-10 21:59:01+05:30,sale
6efdcd43-8029-4bb6-a55f-e853a590a689,9084784,801096,Am Express,29.65,2,ContactlessSmartCard,2025-03-10 21:59:35+05:30,sale
9a709faa-4a17-4b79-8527-401292016377,9035515,7294,Visa,51.67,2,ContactlessSmartCard,2025-03-10 21:59:49+05:30,sale
70e5fa2e-f0a0-4345-908b-4b7a224705e8,1011283,13614,Mastercard,5.48,2,ContactlessSmartCard,2025-03-10 22:00:53+05:30,sale
e2a29fcc-53fa-41af-a560-30d5a0f51092,1011284,83612,Visa,29.00,2,SmartCard,2025-03-10 22:01:27+05:30,sale
b08ad441-2230-4dbf-9011-2702bd6d9047,9054771,834327,Am Express,70.99,2,SmartCard,2025-03-10 22:03:22+05:30,sale
211fe65f-02f6-4b5f-9c73-502848d967a6,9076384,1040,Discover,55.05,2,ContactlessSmartCard,2025-03-10 22:04:17+05:30,sale
33e30530-0f96-4617-8cea-fc7ecc92ca11,9013376,18876,Mastercard,47.65,2,ContactlessSmartCard,2025-03-10 22:04:19+05:30,sale
3aba33f9-90f4-4a4c-9385-1a7c5acb9173,9045139,33912,Visa,35.24,2,ContactlessSmartCard,2025-03-10 22:06:42+05:30,sale
cf03066e-f68b-44e3-b70e-54e71ed19054,1011285,305,Mastercard,3.15,2,SmartCard,2025-03-10 22:08:22+05:30,sale
6160e6b2-2b2a-436e-b3df-03008c13a439,1011286,107853,Visa,7.26,2,SmartCard,2025-03-10 22:09:18+05:30,sale
6c681247-b023-4f95-b008-5115363fbd90,9084785,6661,Mastercard,100.00,2,SmartCard,2025-03-10 22:10:24+05:30,sale
9dad8fb5-2915-4f2b-8285-e2e6ecf6e3db,9045140,8295,MOBI,26.30,4,Mobile,2025-03-10 22:12:30+05:30,sale
3dd8b934-ed42-4819-8331-818a3abb4192,9024625,498,Visa,9.02,2,ContactlessSmartCard,2025-03-10 22:19:27+05:30,sale
e4ea44c4-ad7a-4955-ade6-539a0fa82581,1011287,,,20.00,1,CASH,2025-03-10 22:19:53+05:30,sale
5aef72c8-58de-4ebc-bf9d-d7f35e0e3755,1011287,,,-5.45,1,Change,2025-03-10 22:19:53+05:30,sale
465f76b5-7248-44d9-931b-823d36f5642d,1011288,,,5.00,1,CASH,2025-03-10 22:23:30+05:30,sale
a40d7b8c-e628-4488-b158-0bae942a456f,1011288,,,-0.59,1,Change,2025-03-10 22:23:30+05:30,sale
eb286ba2-891c-4ee3-b2d3-09675f8d5fbd,9013377,5969,Visa,49.41,2,SmartCard,2025-03-10 22:27:58+05:30,sale
61ab200f-aa8f-45b9-8e73-da1033a89186,1011289,75996,Mastercard,12.83,2,ContactlessSmartCard,2025-03-10 22:30:29+05:30,sale
f130b475-ffa6-484c-8750-8719bdfa3b41,9045141,2863,Visa,40.03,2,ContactlessSmartCard,2025-03-10 22:30:54+05:30,sale
69c93f21-6a92-4924-b1e1-8926ab9ee038,1011290,121001,Visa,12.22,2,SmartCard,2025-03-10 22:34:40+05:30,sale
1ad9ca8d-6736-4f87-9c7f-4b4aabb5245d,9045142,10913,Visa,6.69,2,ContactlessSmartCard,2025-03-10 22:34:44+05:30,sale
fb310d45-6d40-407f-bc0e-78dc185f0e0e,1011291,,,8.00,1,CASH,2025-03-10 22:38:48+05:30,sale
8099fb57-6b0e-4926-bf09-e97499525f94,1011291,,,-0.53,1,Change,2025-03-10 22:38:48+05:30,sale
3d483b63-2852-480f-a280-082e86fe06d5,9054772,982705,Debit,28.39,3,SmartCard,2025-03-10 22:39:06+05:30,sale
0c34f8d5-456e-4f21-a109-3de6a568819f,9045143,21309,Mastercard,36.74,2,ContactlessSmartCard,2025-03-10 22:39:36+05:30,sale
5e2b2e10-67dc-4718-9b0e-35413d256377,1011292,801579,Am Express,118.88,2,SmartCard,2025-03-10 22:41:12+05:30,sale
189ecf87-c89f-4b85-8fe2-661bacda9527,1011293,2779,Visa,123.04,2,ContactlessSmartCard,2025-03-10 22:42:38+05:30,sale
9f95fb63-3205-4472-aeb5-7c398cac3828,1011294,935141,Debit,5.20,3,ContactlessSmartCard,2025-03-10 22:43:53+05:30,sale
c16eeb97-b300-4ac5-be05-fb65c93ac1d6,1011295,,,20.00,1,CASH,2025-03-10 22:44:58+05:30,sale
26463272-b6d1-4ec5-a779-c24a531c6902,1011295,,,-16.85,1,Change,2025-03-10 22:44:58+05:30,sale
d444827e-f78c-4fe3-81bf-82df7187f3df,1011296,,,2.11,1,CASH,2025-03-10 22:48:06+05:30,sale
b0258bdd-7b07-4814-b378-c26d8de27fca,1011297,932007,Debit,8.13,3,ContactlessSmartCard,2025-03-10 22:50:10+05:30,sale
3f88a125-446a-49fe-926d-4e9586dac531,9084786,762959,Wright Exp,55.19,2,Swipe,2025-03-10 22:51:51+05:30,sale
94a51c41-14ce-449d-aacf-c62689c7413c,1011298,90846,Mastercard,11.48,2,SmartCard,2025-03-10 22:53:43+05:30,sale
fcaa6946-e137-4e24-90ed-a411bb428635,9076385,23317,Mastercard,44.94,2,ContactlessSmartCard,2025-03-10 22:59:51+05:30,sale
c136335c-67e8-47ce-b692-e99bbe84d0e2,1011299,135066,Mastercard,5.99,2,ContactlessSmartCard,2025-03-10 23:01:56+05:30,sale
da6deb80-f7ce-4e0d-bf1f-3d742974de59,1011300,,,50.00,1,CASH,2025-03-10 23:03:55+05:30,sale
14e6f2f6-ca84-4349-a44a-0de0186f3d31,1011300,,,-36.49,1,Change,2025-03-10 23:03:55+05:30,sale
5f5b8f05-5efe-40f3-b225-0bd2ee0769bc,9076386,789662,Wright Exp,50.98,2,Swipe,2025-03-10 23:06:09+05:30,sale
7640d7c9-1c9e-4afc-a012-9cac696cc8a8,9013378,824107,Am Express,50.19,2,SmartCard,2025-03-10 23:08:21+05:30,sale
38ff47e4-45ce-4821-bb2d-f77459e0b5a9,1011301,5239,Mastercard,12.68,2,ContactlessSmartCard,2025-03-10 23:09:46+05:30,sale
7c85e641-e736-47f1-9d7a-4b55a2743976,1011302,24630,Mastercard,7.59,2,SmartCard,2025-03-10 23:11:09+05:30,sale
a2f66f28-33dd-45de-8c15-9225a4bf8d60,9054773,1086,Mastercard,31.22,2,SmartCard,2025-03-10 23:13:55+05:30,sale
a604bc01-e511-412e-bab8-344cd68357a2,1011303,,,3.00,1,CASH,2025-03-10 23:19:01+05:30,sale
598a5960-a796-4d8e-9d10-51fac578a060,1011303,,,-0.91,1,Change,2025-03-10 23:19:01+05:30,sale
5d104a64-daee-4c52-9845-1a4f9fae2416,9054774,7522,Visa,47.80,2,ContactlessSmartCard,2025-03-10 23:19:47+05:30,sale
166bc67d-516c-4366-a4b0-3b6ef76e3386,1011304,538040,Debit,13.00,3,SmartCard,2025-03-10 23:21:29+05:30,sale
007af09d-945b-441b-ab4d-9dbaae138f5b,9084787,25319,Mastercard,78.91,2,SmartCard,2025-03-10 23:23:36+05:30,sale
33cf471a-d4c9-4685-9d28-83b2344a2a88,9045144,55685,Debit,59.44,3,SmartCard,2025-03-10 23:24:58+05:30,sale
c949a10e-480b-4ff7-bd08-83c021484aec,9076387,837707,Wright Exp,20.25,2,Swipe,2025-03-10 23:27:18+05:30,sale
77664763-36a4-4e1b-9300-06655975a680,1011305,,,20.00,1,CASH,2025-03-10 23:27:48+05:30,sale
71017cd1-9863-4d9f-a159-4e9ff745ecaa,1011305,,,-2.42,1,Change,2025-03-10 23:27:48+05:30,sale
0be7946d-98b5-41e2-bf03-558c3577bd02,9084788,3962,Mastercard,58.59,2,SmartCard,2025-03-10 23:28:11+05:30,sale
f966764f-230a-4f4d-abfd-bfc98b973d29,9054775,9896,Visa,52.65,2,ContactlessSmartCard,2025-03-10 23:30:32+05:30,sale
30d653b2-217d-48ab-8f21-6292ec694eff,9045145,8392,Mastercard,37.08,2,ContactlessSmartCard,2025-03-10 23:32:21+05:30,sale
dc32e58c-9086-4e8b-a970-de5f5e775472,9035516,98360,Debit,27.00,3,SmartCard,2025-03-10 23:37:22+05:30,sale
44f92c5b-d92c-4cbb-bcf1-52642fd21679,1011307,,,12.58,1,CASH,2025-03-10 23:37:48+05:30,sale
a3c54e0c-a000-417b-9f0e-6d5204167f6f,9076388,727478,Debit,32.34,3,ContactlessSmartCard,2025-03-10 23:38:13+05:30,sale
e7f31a22-eeb1-4335-b8fa-20ec226ab4af,9013379,675939,Debit,50.43,3,SmartCard,2025-03-10 23:40:52+05:30,sale
348a3731-2a31-4922-b8e3-df5288b6093b,9084789,88813,Debit,12.85,3,SmartCard,2025-03-10 23:44:43+05:30,sale
379743f4-80f7-4c16-8f3d-1ed69cceea44,1011308,899,Visa,5.54,2,SmartCard,2025-03-10 23:45:08+05:30,sale
bbed3de6-5f7f-4558-bc2f-551f9853483f,1011309,88423,Mastercard,5.15,2,SmartCard,2025-03-10 23:45:32+05:30,sale
b00eb7c1-8227-4700-b760-e947c1e60341,1011310,,,10.00,1,CASH,2025-03-10 23:46:43+05:30,sale
5c4ab7b4-0f9f-4b0b-a8f5-9afa2e49ffc5,1011312,728509,Debit,30.54,3,SmartCard,2025-03-10 23:48:12+05:30,sale
414a21ff-8d79-4273-a174-8b9bc9e5b799,9076389,5238,Visa,35.55,2,SmartCard,2025-03-10 23:49:18+05:30,sale
30013055-43ab-47dd-ba5d-992924c12f53,9084790,40442,Visa,25.93,2,ContactlessSmartCard,2025-03-10 23:50:21+05:30,sale
56402988-5568-4d78-acbd-c086dabe4500,1011313,,,5.00,1,CASH,2025-03-10 23:54:31+05:30,sale
e1a19f27-32e2-4480-9b88-2c85c3817af4,1011313,,,-0.90,1,Change,2025-03-10 23:54:31+05:30,sale
2e818214-1db2-4515-9118-17ad659726f1,9013380,10552,ExxonMobil S,48.00,2,Swipe,2025-03-10 23:55:22+05:30,sale
3cab054e-cfe3-43fd-86a3-932299415400,1011314,,,13.00,1,CASH,2025-03-10 23:56:36+05:30,sale
36a75074-01ad-4d99-ad32-11281e45811b,9084791,136473,Voyager,28.36,2,Swipe,2025-03-10 23:56:36+05:30,sale
aaeca187-2ba5-4686-a3f8-cc133fb9fa59,1011315,,,5.00,1,CASH,2025-03-10 23:58:22+05:30,sale
5e9a3a08-0c68-4b8e-8a3f-a7192e0734ec,9045146,10259,Visa,6.05,2,ContactlessSmartCard,2025-03-10 23:59:13+05:30,sale
b9fe879c-5b6c-4388-9527-5b26bd7f4ddc,1011316,,,20.00,1,CASH,2025-03-10 23:59:27+05:30,sale
0875c9f5-5ba0-424f-91ce-753192b6e6c2,1011317,,,5.00,1,CASH,2025-03-11 00:01:05+05:30,sale
2360922a-5318-45bb-b658-dee71829c4b7,1011317,,,-2.21,1,Change,2025-03-11 00:01:05+05:30,sale
1c046309-1324-444b-9838-0bf1fb6e5f43,9084792,310143,Visa,19.27,2,SmartCard,2025-03-11 00:01:04+05:30,sale
952874ce-9303-46eb-8d2b-02288e490371,9024626,,,20.00,1,CASH,2025-03-11 00:01:40+05:30,sale
0e9efacc-974b-4af0-96bf-389748f022a9,1011316,,,20.00,1,CASH,2025-03-10 23:59:26+05:30,sale
8bef7864-11b3-40b4-9e01-4c17d7e0114e,1011318,748568,Debit,2.69,3,ContactlessSmartCard,2025-03-11 00:03:03+05:30,sale
80fb2f2b-50ce-44db-a46c-88e82e0e9d60,9045147,101363,Debit,24.02,3,SmartCard,2025-03-11 00:03:11+05:30,sale
48367301-4e79-47e5-8186-932320ecdcaf,1011319,,,5.00,1,CASH,2025-03-11 00:04:49+05:30,sale
399cfd87-f0ca-4c96-9bbc-10ec6b62921f,1011319,,,-1.32,1,Change,2025-03-11 00:04:49+05:30,sale
01650ba0-efec-414f-a05f-ba5c2362b5a5,9054776,811107,Am Express,52.02,2,ContactlessSmartCard,2025-03-11 00:10:08+05:30,sale
86dad3e7-31bf-4b26-8256-4a2ab206c874,1011320,548152,Debit,25.31,3,SmartCard,2025-03-11 00:10:55+05:30,sale
eacffe87-69d9-421d-8a13-3b43bb7bffe9,9013381,2635,Mastercard,32.93,2,SmartCard,2025-03-11 00:10:49+05:30,sale
9626d414-cb11-4767-956f-494e481e1bda,9084793,114709,Visa,33.15,2,SmartCard,2025-03-11 00:10:57+05:30,sale
7e4323ac-209d-4507-bad3-6cc59c9c517a,1011321,1015,Discover,11.83,2,SmartCard,2025-03-11 00:11:16+05:30,sale
5ccae3fc-c282-41f3-bf16-87ace518a6c4,9045148,2857,Visa,48.02,2,ContactlessSmartCard,2025-03-11 00:11:34+05:30,sale
0ae8b425-d3ed-432d-a8fe-ea16a88df429,1011322,,,4.00,1,CASH,2025-03-11 00:11:46+05:30,sale
475bb4d6-292f-49fc-a922-c79191eb6de1,9076390,48641,Mastercard,20.00,2,ContactlessSmartCard,2025-03-11 00:11:34+05:30,sale
7a3ae0b1-8bf1-444a-a956-4110b13659ad,9024627,,,4.00,1,CASH,2025-03-11 00:12:47+05:30,sale
c579ff21-03f6-4538-b0df-a2c3680b7a2e,1011322,,,4.00,1,CASH,2025-03-11 00:11:46+05:30,sale
d6ec67aa-42d5-4bec-ba09-88320d6c9cb9,1011323,6015,Mastercard,2.99,2,SmartCard,2025-03-11 00:16:38+05:30,sale
e69bfb43-b19f-493d-81b7-7da6fb6fa8cc,9076391,709788,Debit,9.59,3,ContactlessSmartCard,2025-03-11 00:19:14+05:30,sale
b818981e-b1d6-47fd-b870-c69f4b304b52,1011324,,,10.00,1,CASH,2025-03-11 00:22:11+05:30,sale
7cf08171-7dc1-4e14-8201-7230734fa85d,1011324,,,-2.63,1,Change,2025-03-11 00:22:11+05:30,sale
a12d2448-7646-4c1c-b74f-b7b35c4a6f90,9076392,769488,Debit,69.10,3,ContactlessSmartCard,2025-03-11 00:22:36+05:30,sale
c52df643-f648-47fa-b0d1-70888c87d6d5,1011325,633470,Debit,3.68,3,ContactlessSmartCard,2025-03-11 00:23:34+05:30,sale
d4412366-a86b-4e0f-8588-c67113c30bf8,1011326,,,10.00,1,CASH,2025-03-11 00:23:57+05:30,sale
40fc06eb-5856-4fd6-8411-edc697fd7364,1011326,,,-4.13,1,Change,2025-03-11 00:23:57+05:30,sale
6678276c-59fc-4788-93aa-62a35e449e3e,1011327,,,12.00,1,CASH,2025-03-11 00:27:18+05:30,sale
4291ff4d-10a8-41c8-a413-234127fec6be,1011327,,,-0.94,1,Change,2025-03-11 00:27:18+05:30,sale
cce2ff3e-41c0-4123-9822-af35d7f2405d,1011328,917177,Debit,11.79,3,ContactlessSmartCard,2025-03-11 00:32:00+05:30,sale
30e24198-1f74-4532-8419-ba0fc6d2464e,1011329,,,10.10,1,CASH,2025-03-11 00:37:02+05:30,sale
2a76a525-ec04-4fcf-bd01-b18b09faa803,1011329,,,-0.05,1,Change,2025-03-11 00:37:02+05:30,sale
341f8b76-ad81-4eed-84c6-f884da049cc1,1011330,,,25.00,1,CASH,2025-03-11 00:41:52+05:30,sale
bce391f2-95f0-4dc1-ae8b-3b2744651503,1011330,,,-1.24,1,Change,2025-03-11 00:41:52+05:30,sale
e008dc56-ac65-4844-a0c1-ce2421fafc78,9035517,5511,Visa,25.66,2,SmartCard,2025-03-11 00:41:50+05:30,sale
9d3d1fc5-5e69-4f55-81ea-ddb79ccd40bc,9024628,41650,Mastercard,16.13,2,ContactlessSmartCard,2025-03-11 00:42:21+05:30,sale
62e5f948-1fee-406b-bc5c-c7f03b80b81f,1011331,,,10.00,1,CASH,2025-03-11 00:43:09+05:30,sale
59d88c54-2b61-4183-b2ca-95dec6eb5330,1011331,,,-6.00,1,Change,2025-03-11 00:43:09+05:30,sale
b7d9b71c-aefc-41ab-ae34-bad867bb153f,1011332,35610,Debit,17.99,3,ContactlessSmartCard,2025-03-11 00:45:07+05:30,sale
500b051a-e16e-45ac-9d9f-de639ec4a7cd,1011333,,,1.00,1,CASH,2025-03-11 00:45:25+05:30,sale
d177e7d9-fca9-4fab-9102-b67f24f2cf0f,1011333,,,-0.01,1,Change,2025-03-11 00:45:25+05:30,sale
ed651176-ca62-4c9c-9e88-23a02f0bdeb3,9054777,537137,Debit,39.64,3,SmartCard,2025-03-11 00:45:48+05:30,sale
30dd997e-d582-46c0-a2a0-bf462a0aca28,9035518,35610,Debit,17.99,3,ContactlessSmartCard,2025-03-11 00:47:00+05:30,sale
b6e3a056-3054-4636-b67f-19ff1fa30eef,1011332,35610,Debit,17.99,3,ContactlessSmartCard,2025-03-11 00:45:07+05:30,sale
62212ba0-2f6a-488d-a7cd-b194a94b8d4d,9084794,20897,Visa,37.68,2,ContactlessSmartCard,2025-03-11 00:49:15+05:30,sale
0282b03e-83a0-406f-968d-438f2720b996,1011334,75604,Visa,11.85,2,ContactlessSmartCard,2025-03-11 00:51:10+05:30,sale
782cb36b-e798-4d92-b1d6-4e8232fe42fe,1011335,,,10.00,1,CASH,2025-03-11 00:54:22+05:30,sale
3f9a4ac0-80a0-46c5-a351-556bb99a423f,1011335,,,-6.85,1,Change,2025-03-11 00:54:22+05:30,sale
29232e2f-e5d9-47a9-832b-a55995e4a45f,9076393,142824,Visa,30.07,2,SmartCard,2025-03-11 00:54:32+05:30,sale
6dcab79f-9d94-4533-a158-2409ebcbd79c,9035519,42615,Visa,42.56,2,ContactlessSmartCard,2025-03-11 00:54:45+05:30,sale
221f4624-52ca-494d-96d3-ba3f2d7cc6fc,1011336,722717,Debit,21.86,3,SmartCard,2025-03-11 00:55:15+05:30,sale
7db64cf9-02a3-47e4-9dcc-c1a59383ad9a,9084795,1047,Discover,35.58,2,SmartCard,2025-03-11 00:56:22+05:30,sale
394e3dd5-ad70-484d-ac28-5a82f6c0e583,1011337,471479,Visa,2.10,2,ContactlessSmartCard,2025-03-11 00:57:45+05:30,sale
10c1cb41-6a7a-4297-8408-30dfb1d362ed,1011338,28432,Debit,5.80,3,ContactlessSmartCard,2025-03-11 00:58:50+05:30,sale
d1798e93-beba-4892-ab45-44570e367a63,1011339,,,20.00,1,CASH,2025-03-11 00:59:30+05:30,sale
be4ffccd-fb9d-4cb8-a585-49b3a9ecfeda,1011339,,,-13.00,1,Change,2025-03-11 00:59:30+05:30,sale
af240f56-d050-4a3e-95fb-33498b90a36b,1011340,48268,Debit,21.86,3,SmartCard,2025-03-11 01:00:21+05:30,sale
ec950808-41bb-478a-b81d-483c4146b4f9,1011341,,,40.00,1,CASH,2025-03-11 01:01:41+05:30,sale
abef4437-0858-45e0-8e3c-6b7b5952f03c,1011341,881452,Am Express,60.54,2,SmartCard,2025-03-11 01:01:41+05:30,sale
5604d34d-1a67-4829-8b1b-15df875912e8,9035521,10855,Visa,62.38,2,SmartCard,2025-03-11 01:05:48+05:30,sale
bd95b642-b1b1-4ab1-af6f-fc7235baab8f,1011342,,,20.00,1,CASH,2025-03-11 01:07:04+05:30,sale
cce0ad24-b51d-4acf-a893-ce4542abba8c,1011342,,,-8.68,1,Change,2025-03-11 01:07:04+05:30,sale
675e7f7b-7f6b-4f21-a418-f50fc54c79dd,9076394,3251,Visa,18.19,2,ContactlessSmartCard,2025-03-11 01:07:13+05:30,sale
14e7f2e3-18a1-4076-8cc1-3433f6908076,9024629,10360,XOMS,18.30,4,Mobile,2025-03-11 01:08:50+05:30,sale
d2dcd297-5962-49a9-b8ff-d810fb889f17,1011343,419098,Visa,25.04,2,SmartCard,2025-03-11 01:09:33+05:30,sale
158ef569-3e86-4164-aa51-0b5e282bb3a0,9054778,804262,Am Express,72.86,2,SmartCard,2025-03-11 01:10:42+05:30,sale
909d88b9-f57d-4ab3-a771-99ad60bbde6e,9084796,726354,Debit,44.36,3,SmartCard,2025-03-11 01:11:00+05:30,sale
11317726-79e8-402c-a6d3-5efdb164449f,9035522,419098,Visa,25.04,2,SmartCard,2025-03-11 01:11:16+05:30,sale
e0ad8f2c-0bdb-4bbf-815a-ff30e720cdf1,1011343,419098,Visa,25.04,2,SmartCard,2025-03-11 01:09:33+05:30,sale
0bd4c90c-0d21-476c-aa9b-71eb13a27ff3,1011344,989754,Debit,19.10,3,ContactlessSmartCard,2025-03-11 01:12:33+05:30,sale
3e3ee58d-e0c4-4439-a1b1-d2e5507b582d,1011346,,,22.00,1,CASH,2025-03-11 01:12:59+05:30,sale
ff0b4f94-efd5-4ed2-8561-774489ff551c,1011346,,,-0.68,1,Change,2025-03-11 01:12:59+05:30,sale
e4c849f6-4e43-4645-8f8f-4b66a1ac5db8,1011347,44815,Visa,5.79,2,ContactlessSmartCard,2025-03-11 01:13:33+05:30,sale
0d820914-ba29-479c-9116-1247da7eff91,9054779,72756,Visa,25.93,2,ContactlessSmartCard,2025-03-11 01:14:13+05:30,sale
338342ce-cafd-423e-8f3b-f2229d4061d1,9024630,,,22.00,1,CASH,2025-03-11 01:14:53+05:30,sale
eb0c27cd-d9d8-4c40-8a29-76943137d71a,9024630,,,-0.68,1,Change,2025-03-11 01:14:53+05:30,sale
5813e31f-be3a-4e0d-81c5-370c849b0c96,1011346,,,22.00,1,CASH,2025-03-11 01:12:58+05:30,sale
cee7167a-3499-4eab-83da-2f68665a26f3,1011346,,,-0.68,1,Change,2025-03-11 01:12:58+05:30,sale
88067b26-3a82-464a-a12d-d735dc467ff4,9013382,989754,Debit,19.10,3,ContactlessSmartCard,2025-03-11 01:15:05+05:30,sale
b582a3fc-5aa8-4e32-b4d3-d3d8ec6d901e,1011344,989754,Debit,19.10,3,ContactlessSmartCard,2025-03-11 01:12:33+05:30,sale
ad1d4080-be4b-448f-9bc7-3a2607cff24f,9076395,33308,Visa,34.46,2,ContactlessSmartCard,2025-03-11 01:15:21+05:30,sale
729002cb-b9ab-46a8-87fa-016cd0661930,9035523,702888,Debit,16.45,3,SmartCard,2025-03-11 01:16:40+05:30,sale
80657ca8-9f44-4e33-b3b0-dba264c8ea26,1011348,,,-30.00,1,CASH,2025-03-11 01:17:38+05:30,sale
bd5e0b04-fec2-4cc7-a367-56c1709b3d54,1011349,,,30.00,1,CASH,2025-03-11 01:17:52+05:30,sale
e47eae18-bc36-46bf-9941-d6d14c0c8db8,1011349,,,-20.00,1,Change,2025-03-11 01:17:52+05:30,sale
da504a49-3f14-4497-881e-3a2a843972ec,1011352,,,100.00,1,CASH,2025-03-11 01:19:01+05:30,sale
82305d6f-3f1f-48e8-b400-be46f5110494,1011352,,,-89.07,1,Change,2025-03-11 01:19:01+05:30,sale
b2d6dd22-9ef7-4777-a1c8-fc5729d17250,9084797,599028,Visa,30.03,2,ContactlessSmartCard,2025-03-11 01:19:48+05:30,sale
f2daffa4-9194-4309-a03b-e1d18a4a94ce,9076396,20158,Debit,35.56,3,ContactlessSmartCard,2025-03-11 01:20:22+05:30,sale
b60ef3c6-4db1-49b3-a53a-8abcca19ba28,9024631,1032,Discover,49.83,2,SmartCard,2025-03-11 01:21:46+05:30,sale
41d32a8b-d4dc-45d7-85ad-ed15667eaa3a,1011353,657857,Visa,15.47,2,ContactlessSmartCard,2025-03-11 01:24:15+05:30,sale
e05bfd50-0172-4436-9c52-7ca0ec24de90,1011354,713322,Debit,107.93,3,SmartCard,2025-03-11 01:26:14+05:30,sale
fe062343-376e-46dc-bc63-489b9eca4b7d,9045149,61399,Debit,28.71,3,SmartCard,2025-03-11 01:28:20+05:30,sale
972d5ab5-382c-40df-bf5c-ad15ff3809ca,1011355,,,3.00,1,CASH,2025-03-11 01:30:15+05:30,sale
6296cca5-4ee5-420c-b2d7-02f111d35460,1011355,,,-0.37,1,Change,2025-03-11 01:30:15+05:30,sale
3680f864-6d0d-4a92-8702-a2b6f52e5fde,9084798,90116,Visa,175.00,2,ContactlessSmartCard,2025-03-11 01:32:10+05:30,sale
4573589a-82c8-4345-b2b3-8fc18de28fcc,1011356,,,-10.00,1,CASH,2025-03-11 01:32:24+05:30,sale
9876e149-9a99-4d34-8562-dd8bd595e25e,9013383,10152,Visa,14.41,2,SmartCard,2025-03-11 01:35:25+05:30,sale
37a16f99-5364-4bb9-8be1-3a0951977923,9076397,32989,Debit,21.65,3,ContactlessSmartCard,2025-03-11 01:35:40+05:30,sale
1e7659ac-cfd1-4078-907b-cc5414c80f7a,1011357,719434,Debit,5.83,3,ContactlessSmartCard,2025-03-11 01:36:43+05:30,sale
ea5bed09-d13c-4014-b1e7-d561e09bd426,1011358,,,35.00,1,CASH,2025-03-11 01:37:02+05:30,sale
fd611e91-5ae2-4205-8dda-3eecc5362258,1011359,,,5.00,1,CASH,2025-03-11 01:39:08+05:30,sale
3081901e-9dc9-40e3-b65b-62e3b045dc9a,1011359,,,-1.42,1,Change,2025-03-11 01:39:08+05:30,sale
f7f058e2-06bf-43c3-ae3b-2500df4d34f6,9045150,,,35.00,1,CASH,2025-03-11 01:39:31+05:30,sale
fc20450d-147e-4666-91a3-d6430964d6f3,1011358,,,35.00,1,CASH,2025-03-11 01:37:01+05:30,sale
290dc0a2-49d3-485f-b4d7-48c39c00201f,9076398,50307,Visa,39.47,2,SmartCard,2025-03-11 01:40:21+05:30,sale
b0140edd-6dbf-4d16-b73d-c019d9c0f548,9084799,20816,Visa,175.00,2,ContactlessSmartCard,2025-03-11 01:40:31+05:30,sale
99f6ec52-6400-4627-804e-3c4fe133da5d,1011360,649101,Debit,25.06,3,SmartCard,2025-03-11 01:45:44+05:30,sale
97673474-a735-490a-82c9-453a12378bf6,9035525,529331,Debit,40.08,3,SmartCard,2025-03-11 01:45:50+05:30,sale
d817465e-6ec8-4ae9-83e3-8f51f41e80c1,9084800,61616,Visa,175.00,2,ContactlessSmartCard,2025-03-11 01:46:54+05:30,sale
705ee825-e5bc-45f2-bb58-8a89b703570c,9013384,4061,Visa,33.56,2,ContactlessSmartCard,2025-03-11 01:48:59+05:30,sale
917d80f5-cd70-465e-a05e-5dec2c7adab1,9076399,52218,Visa,57.00,2,ContactlessSmartCard,2025-03-11 01:49:04+05:30,sale
51c5b697-d012-42e0-b867-0dffcae9fe37,9054780,9327,Visa,50.17,2,SmartCard,2025-03-11 01:50:17+05:30,sale
f1560b98-3546-4dbd-ae92-68acb1fc9f89,1011361,776132,Debit,4.00,3,SmartCard,2025-03-11 01:51:04+05:30,sale
ba158bde-50bb-46a9-97f4-7b694e04be7a,1011362,,,15.00,1,CASH,2025-03-11 01:51:22+05:30,sale
075e99f5-0cff-4481-abd7-76fba9d608fb,1011362,,,-0.79,1,Change,2025-03-11 01:51:22+05:30,sale
075d17e7-c867-4c97-b984-24987202fd6c,9084801,62416,Visa,37.20,2,SmartCard,2025-03-11 01:52:43+05:30,sale
11e74512-b899-4ef9-81c3-c45a18449bd2,9054781,8508,Visa,44.40,2,ContactlessSmartCard,2025-03-11 01:53:10+05:30,sale
e04b22fd-9a6b-4c85-a2e0-a8ff9d3b4a85,9045151,3313,Mastercard,32.72,2,ContactlessSmartCard,2025-03-11 01:56:31+05:30,sale
26b603a4-10eb-4132-856a-469af8658dc1,9084802,115,Mastercard,66.21,2,ContactlessSmartCard,2025-03-11 02:01:00+05:30,sale
002093b4-de01-4e80-96ea-2090f115fb1e,1011363,10994,ExxonMobil S,13.73,2,Swipe,2025-03-11 02:02:31+05:30,sale
126885dc-3dea-4da7-9564-9432fc166274,9013385,10336,ExxonMobil S,16.51,2,Swipe,2025-03-11 02:03:17+05:30,sale
a121c21e-95e7-4122-868e-d57f380f1baa,9045152,3768,Mastercard,3.99,2,ContactlessSmartCard,2025-03-11 02:05:57+05:30,sale
fecbec2e-4b0a-4ee4-9317-613ca8a7a847,1011364,,,60.00,1,CASH,2025-03-11 02:06:19+05:30,sale
6c83714d-a0c7-470b-8d3b-1b26fbcd7b8b,1011365,,,60.00,1,CASH,2025-03-11 02:10:03+05:30,sale
20d76347-42d3-4072-9a16-3704b0d1d1b2,1011365,,,-27.00,1,CASH,2025-03-11 02:10:03+05:30,sale
4c807c30-aec5-41b0-b0ad-a0428588af8f,1011364,,,60.00,1,CASH,2025-03-11 02:06:19+05:30,sale
148ad284-4d16-472e-afa6-de2c1ff6734f,1011366,,,6.00,1,CASH,2025-03-11 02:10:45+05:30,sale
db79374f-7174-4840-8716-39858115e5ce,1011367,147122,Debit,15.89,3,ContactlessSmartCard,2025-03-11 02:13:19+05:30,sale
9fb567ef-16f7-44a8-b691-026f8604c357,1011368,,,11.00,1,CASH,2025-03-11 02:15:33+05:30,sale
8b7358d4-3b42-4498-b0b1-99c158be2205,1011368,,,-0.87,1,Change,2025-03-11 02:15:33+05:30,sale
cc81f9c0-da12-4c1c-8909-bd0d6be045d9,9054783,38980,Debit,19.00,3,SmartCard,2025-03-11 02:20:30+05:30,sale
07ce8353-a64b-431a-a9c3-c78b607b5320,1011369,,,21.25,1,CASH,2025-03-11 02:21:03+05:30,sale
076bd796-3015-481a-8212-52c76ebec797,1011369,,,-0.16,1,Change,2025-03-11 02:21:03+05:30,sale
be292d6b-7bc2-456c-b117-bbddcba6d83f,1011370,8268,Mastercard,1.99,2,ContactlessSmartCard,2025-03-11 02:24:20+05:30,sale
65213b5b-8c8d-4d28-a026-5a9f54cf6f2e,9054784,31034,Mastercard,44.70,2,ContactlessSmartCard,2025-03-11 02:25:28+05:30,sale
24ab6532-790f-440c-8262-5e7ce74362c5,9035527,680069,Visa,57.60,2,ContactlessSmartCard,2025-03-11 02:25:32+05:30,sale
a6b409b9-1a24-4ca5-bfb6-20a58b9032db,1011371,,,20.00,1,CASH,2025-03-11 02:27:38+05:30,sale
2dabc1e2-bbd9-4d9a-8618-fcd3e01e307b,1011371,,,-6.18,1,Change,2025-03-11 02:27:38+05:30,sale
c361c440-7e5b-4172-a9c1-c44b1a756d6a,9013386,535992,Visa,30.98,2,ContactlessSmartCard,2025-03-11 02:29:30+05:30,sale
2583290b-a5dd-4988-b0bc-0cc036761297,9045153,889166,Am Express,12.88,2,ContactlessSmartCard,2025-03-11 02:29:59+05:30,sale
beacddd7-e7db-4b8c-b33f-af4489963245,9084803,8334,Visa,10.42,2,ContactlessSmartCard,2025-03-11 02:31:55+05:30,sale
99ec973d-0392-4da6-8fa1-bbd1b668e21b,9035528,886062,Am Express,29.78,2,ContactlessSmartCard,2025-03-11 02:36:38+05:30,sale
5550d3ae-57a1-4e05-b8f3-bc1a36df6c80,9076400,24903,Debit,32.15,3,ContactlessSmartCard,2025-03-11 02:39:11+05:30,sale
56bdca6e-1534-4fe6-b14a-5ed389cd228e,1011374,,,100.00,1,CASH,2025-03-11 02:39:33+05:30,sale
c250c9c6-c71a-4d99-a1ba-46a5a74f3bf5,1011374,,,-85.58,1,Change,2025-03-11 02:39:33+05:30,sale
a71cbe3f-b35c-4971-ac29-aeb9942c7f52,1011375,,,16.00,1,CASH,2025-03-11 02:41:07+05:30,sale
262e6f88-5927-44e3-a2cd-6e9fca19dbe9,1011375,,,-0.72,1,Change,2025-03-11 02:41:07+05:30,sale
5252ddb3-4caa-4f56-9702-d3ef89b4fa95,1011376,,,24.00,1,CASH,2025-03-11 02:42:28+05:30,sale
8fb56975-0bfb-4133-bd28-edb62617406d,1011376,,,-0.24,1,Change,2025-03-11 02:42:28+05:30,sale
92acd8fe-b1b3-47d5-890e-6d71c39b2f45,1011378,,,41.00,1,CASH,2025-03-11 02:44:36+05:30,sale
4b2e03ac-5ec1-4da9-9fd9-fa725ae7843d,1011378,,,-0.01,1,Change,2025-03-11 02:44:36+05:30,sale
68c2eb44-2a72-49f0-8a71-f95e80b5ee76,9076401,687395,Debit,29.08,3,SmartCard,2025-03-11 02:45:33+05:30,sale
801173db-dfb2-42ec-91bf-38361abeb8f1,9054785,13242,Debit,9.00,3,ContactlessSmartCard,2025-03-11 02:46:48+05:30,sale
ca5ba331-3069-4fac-b7f9-96a2c7fd7f80,1011379,726261,Debit,26.53,3,SmartCard,2025-03-11 02:47:47+05:30,sale
5b84966c-3341-4842-a238-cf81a4b654ec,1011380,541173,Visa,6.31,2,ContactlessSmartCard,2025-03-11 02:48:22+05:30,sale
e245ac9d-3fd4-422f-b590-d9a51580857f,1011381,,,10.00,1,CASH,2025-03-11 02:49:10+05:30,sale
c974098e-56a3-4469-9cdc-dfb602280734,1011382,162513,Visa,27.64,2,ContactlessSmartCard,2025-03-11 02:49:51+05:30,sale
c4a3898a-90b4-411d-b497-36d7e197292b,1011383,,,10.00,1,CASH,2025-03-11 02:51:07+05:30,sale
97d7701a-1277-440e-91c9-4f4e290d670d,1011383,,,-3.84,1,CASH,2025-03-11 02:51:07+05:30,sale
3ac127a4-1b69-441a-96ac-51cf8c720810,1011381,,,10.00,1,CASH,2025-03-11 02:49:10+05:30,sale
c9c3b8ac-37fc-4f2f-942f-0e3602f74745,9084804,10798,Visa,30.94,2,SmartCard,2025-03-11 02:51:06+05:30,sale
0131dc3b-36e5-488c-8688-fe83baa30d1b,1011384,,,14.00,1,CASH,2025-03-11 02:51:50+05:30,sale
b3532b8d-d3b6-4d41-b8c1-4a921f816e25,1011384,,,-0.41,1,Change,2025-03-11 02:51:50+05:30,sale
a0daa81f-089a-4d10-842f-7e71e7644213,1011385,,,-3.00,1,CASH,2025-03-11 02:54:43+05:30,sale
8fa7d81e-c112-4e57-89e0-0d49b1ac10eb,1011386,540107,Debit,14.93,3,SmartCard,2025-03-11 02:55:14+05:30,sale
85fdaa13-aa1e-44b2-9b00-a8c45a735ca6,1011388,33117,Visa,8.40,2,ContactlessSmartCard,2025-03-11 02:56:31+05:30,sale
35392d83-c91e-4ada-8ff1-c4ffa8faa2a8,9076402,1080,Mastercard,49.38,2,SmartCard,2025-03-11 02:57:25+05:30,sale
68f9b791-ade1-4ddf-83cf-7c0289010d4c,1011389,694935,Debit,8.00,3,SmartCard,2025-03-11 03:00:58+05:30,sale
ae4c75bd-560a-4e90-9fc9-930c77092f19,9035529,45163,Debit,42.24,3,SmartCard,2025-03-11 03:04:11+05:30,sale
2e98f29d-0f40-4650-86d0-97a36df1f8e9,9076403,26563,Visa,58.39,2,SmartCard,2025-03-11 03:04:43+05:30,sale
8b06be4d-34a1-43d2-a78a-f93b2899d93f,1011390,125411,Debit,12.42,3,SmartCard,2025-03-11 03:06:14+05:30,sale
68ed9392-a519-4c80-9738-651a7c80e9ce,9013388,10621,Mastercard,10.00,2,ContactlessSmartCard,2025-03-11 03:08:34+05:30,sale
3caced56-4e5e-4dfb-87e2-dcd4b0663be8,1011391,96154,Visa,37.25,2,ContactlessSmartCard,2025-03-11 03:08:37+05:30,sale
1c6eda18-abbd-43af-8490-643164f1cb25,1011392,778723,Debit,3.58,3,SmartCard,2025-03-11 03:09:10+05:30,sale
560d9484-2726-429c-a457-e816005055da,1011393,,,10.00,1,CASH,2025-03-11 03:12:24+05:30,sale
e9e0e975-6de3-43a6-970e-d4d011f8b64c,1011393,,,-4.96,1,Change,2025-03-11 03:12:24+05:30,sale
cbe67cc4-1a55-4e43-ae2a-c0208d9cb804,9054787,16564,Debit,73.22,3,SmartCard,2025-03-11 03:13:00+05:30,sale
2b8e38a4-6b4b-41bb-be3d-134b02b35017,1011394,,,10.00,1,CASH,2025-03-11 03:13:31+05:30,sale
bc5909c4-630c-4680-8be5-02f18948352a,9024632,610164,Visa,51.36,2,ContactlessSmartCard,2025-03-11 03:13:45+05:30,sale
3c816515-bb2c-4ca0-8ebc-6d6588a10d2f,9013389,,,10.00,1,CASH,2025-03-11 03:15:14+05:30,sale
df6ba79a-6d97-4dc3-89fd-2aa70483bdac,1011394,,,10.00,1,CASH,2025-03-11 03:13:31+05:30,sale
521f20c0-570b-4f4c-be59-268b8f799705,9084805,867956,Am Express,48.11,2,ContactlessSmartCard,2025-03-11 03:15:47+05:30,sale
b92c6a08-34a6-4c2c-95f8-5b046aca11d5,9076404,95017,Visa,49.96,2,SmartCard,2025-03-11 03:17:44+05:30,sale
5fc7db9e-ccac-49a4-93f1-124fbf3034c7,1011395,7609,Mastercard,26.00,2,ContactlessSmartCard,2025-03-11 03:23:58+05:30,sale
4faa0681-afd6-4a62-adf6-4342aa441980,1011396,68342,Debit,27.92,3,SmartCard,2025-03-11 03:25:55+05:30,sale
fce17f94-0568-4a98-8000-928e231a08ae,9084806,510,Visa,109.00,2,SmartCard,2025-03-11 03:28:54+05:30,sale
a8226489-f19e-4802-9931-24d79ed6d2a7,9054789,9785,Visa,35.12,2,ContactlessSmartCard,2025-03-11 03:30:03+05:30,sale
d838059a-01de-48e8-94e7-9c624173fec3,9024633,9115,Visa,34.10,2,ContactlessSmartCard,2025-03-11 03:31:54+05:30,sale
58b7a538-bdde-407a-9942-043b9c815925,1011397,4713,Visa,30.54,2,ContactlessSmartCard,2025-03-11 03:33:01+05:30,sale
8e167d13-2ec4-4206-b794-00cc4e875498,1011398,799282,Mastercard,3.19,2,ContactlessSmartCard,2025-03-11 03:36:17+05:30,sale
97ac6647-4ef7-4a10-bdcf-9f1e4756e5cd,1011399,710121,Visa,35.00,2,SmartCard,2025-03-11 03:36:38+05:30,sale
0413d8d4-726e-4cd1-80d1-a904828eda4b,9035530,710101,Visa,24.62,2,ContactlessSmartCard,2025-03-11 03:36:34+05:30,sale
32307e09-3b7c-4ef7-a51d-776f66542cbf,9084807,71133,Mastercard,20.19,2,ContactlessSmartCard,2025-03-11 03:37:31+05:30,sale
552a1749-0463-406e-b2d8-ffa1b4b81532,9024634,710121,Visa,35.00,2,SmartCard,2025-03-11 03:38:20+05:30,sale
9c35289c-cac8-45a6-b98c-1bdaf3314682,1011399,710121,Visa,35.00,2,SmartCard,2025-03-11 03:36:38+05:30,sale
1f24c3ec-52b1-4d75-bee3-bc7eb93a7892,1011400,258331,Visa,12.68,2,ContactlessSmartCard,2025-03-11 03:38:24+05:30,sale
bdd95f72-e778-4630-bd64-d0b29a737577,1011401,,,5.00,1,CASH,2025-03-11 03:39:48+05:30,sale
2b08b1fb-5082-4889-863e-c8dd95b1aada,1011401,,,-0.27,1,Change,2025-03-11 03:39:48+05:30,sale
35284e23-e42c-4ef4-a7ee-cc0d68fc01b4,1011402,773317,Debit,24.89,3,ContactlessSmartCard,2025-03-11 03:47:49+05:30,sale
36eea0f1-50be-4da6-a199-25c111c1993d,9045154,3442,Visa,36.92,2,ContactlessSmartCard,2025-03-11 03:47:52+05:30,sale
bf07d069-b519-4a95-93f9-471f4e03c49a,9076405,891339,Am Express,46.03,2,ContactlessSmartCard,2025-03-11 03:50:04+05:30,sale
86b09ba1-94c9-4b5e-b69e-a16da382b733,9035531,168198,Mastercard,25.79,2,ContactlessSmartCard,2025-03-11 03:51:47+05:30,sale
a9bed58b-f8b9-47be-9af1-77c6160870a7,9013390,172609,Visa,35.84,2,ContactlessSmartCard,2025-03-11 03:53:31+05:30,sale
8eb475b9-a421-48e4-8a39-709d03c44e71,1011403,701248,Debit,21.86,3,SmartCard,2025-03-11 03:53:55+05:30,sale
586f78cb-2628-4066-9995-a2634f8e04a1,1011404,745504,Debit,33.47,3,SmartCard,2025-03-11 03:54:45+05:30,sale
16dec31a-599a-4882-85ae-affacd2f46fc,9035532,3976,Mastercard,41.07,2,ContactlessSmartCard,2025-03-11 03:58:08+05:30,sale
bed85372-1663-4d9f-898e-9b26c38a6d70,9084808,418198,Wright Exp,21.00,2,Swipe,2025-03-11 03:59:58+05:30,sale
30b91271-71bb-4acd-9c1e-b7e04b4e6e52,1011405,,,22.00,1,CASH,2025-03-11 04:01:15+05:30,sale
87afdd73-6e0f-49b2-8301-381be4626e15,9076406,710183,Visa,6.05,2,SmartCard,2025-03-11 04:03:42+05:30,sale
d2e754fe-67c8-47b2-80e1-ffafff084ebf,1011407,74180,Debit,24.00,3,SmartCard,2025-03-11 04:05:10+05:30,sale
439c2484-5433-4a5d-bb3b-a710fbad5cf0,1011408,736935,Debit,15.81,3,SmartCard,2025-03-11 04:07:27+05:30,sale
179337d6-9f34-4d58-8e2d-f5e01a7a3bcf,1011409,695647,Debit,12.43,3,SmartCard,2025-03-11 04:08:32+05:30,sale
f3aa851b-30fd-451d-a363-a6428dcb4e24,9084809,74318,Visa,30.00,2,ContactlessSmartCard,2025-03-11 04:09:25+05:30,sale
23803f8a-6419-4700-be7a-90f55c77c2b8,1011410,335725,Visa,10.42,2,SmartCard,2025-03-11 04:10:10+05:30,sale
33888e25-0901-40fe-aa2e-c9fb7fa8d32c,9076407,91926,Visa,25.01,2,ContactlessSmartCard,2025-03-11 04:09:58+05:30,sale
51c63588-c930-4bfd-83b4-489bfc1adecc,1011411,568103,Mastercard,20.65,2,SmartCard,2025-03-11 04:11:46+05:30,sale
4518584e-6fd0-4f87-b3e6-a3a7eae7314b,9035533,841903,Am Express,71.31,2,ContactlessSmartCard,2025-03-11 04:11:35+05:30,sale
ed5ad3e6-c8b6-4758-a9ea-6e8a6089c8a2,1011412,4598,Mastercard,12.00,2,ContactlessSmartCard,2025-03-11 04:12:37+05:30,sale
d8ce9dc0-3a45-4ca9-a8c9-90cfb8f320a9,1011413,7598,Visa,6.86,2,SmartCard,2025-03-11 04:13:58+05:30,sale
4653ae64-19c3-4e20-bd44-f1e5b689b05d,9076408,710184,Visa,32.58,2,SmartCard,2025-03-11 04:14:52+05:30,sale
c4b8809e-09f2-47bf-9288-b530c49687d3,9035534,10380,Visa,37.41,2,ContactlessSmartCard,2025-03-11 04:17:31+05:30,sale
65477301-26b3-4ad6-a33b-fb0e03fe830f,1011414,738465,Debit,17.48,3,ContactlessSmartCard,2025-03-11 04:20:59+05:30,sale
f1d40fc3-795b-457e-815e-07b98f86f3c0,9076409,7779,Visa,30.79,2,ContactlessSmartCard,2025-03-11 04:25:29+05:30,sale
4aa83a71-fdf1-4c17-aa05-a747a674d173,1011415,39066,Debit,16.87,3,SmartCard,2025-03-11 04:26:04+05:30,sale
bd2dcd18-e29f-421a-94e9-832ee81905a4,9035535,80042,Mastercard,,2,ContactlessSmartCard,2025-03-11 04:26:05+05:30,sale
09d8d6d2-b361-4f91-9392-30e1b8b74843,9035536,80138,Mastercard,33.49,2,ContactlessSmartCard,2025-03-11 04:28:42+05:30,sale
30fce75d-e649-42b7-829e-ba68edf3cb37,9084810,4289,Visa,50.20,2,SmartCard,2025-03-11 04:29:02+05:30,sale
7c6f2dc9-9ac4-4916-b2e0-6d2eea8a00cb,1011416,,,10.00,1,CASH,2025-03-11 04:31:40+05:30,sale
6d96ba16-5691-4253-a2b0-9cd1adb027ea,1011416,,,-4.00,1,Change,2025-03-11 04:31:40+05:30,sale
dc536b9e-02e1-4cca-aa46-34214e65678f,1011417,,,15.00,1,CASH,2025-03-11 04:32:33+05:30,sale
850ded2d-baf9-4bee-88fd-c60d1750ed53,1011417,,,-0.75,1,Change,2025-03-11 04:32:33+05:30,sale
1a3f8368-fe23-4c82-a9a4-8e8bd8a29dac,9024635,80386,Visa,37.41,2,ContactlessSmartCard,2025-03-11 04:34:50+05:30,sale
cdc16630-2268-40c9-9374-f9c6f6292225,1011418,167679,Debit,6.99,3,Swipe,2025-03-11 04:35:42+05:30,sale
daf7b1dd-90e5-4bbc-afb0-098f046e16c8,9076410,4480,Visa,46.49,2,ContactlessSmartCard,2025-03-11 04:38:39+05:30,sale
28212174-6768-476c-a5f0-ec16c29d80fb,9024636,810141,Visa,82.51,2,SmartCard,2025-03-11 04:42:59+05:30,sale
b7fab822-0f2f-4b5e-ac11-dd71b0f5f5c2,1011420,,,10.25,1,CASH,2025-03-11 04:46:49+05:30,sale
a9cacf05-85b6-43ad-9ca4-797ba8afbab3,1011420,,,-1.06,1,Change,2025-03-11 04:46:49+05:30,sale
e4e11844-6bc2-4ad0-b75e-cd44242ab551,9076411,82113,Mastercard,58.60,2,ContactlessSmartCard,2025-03-11 04:47:47+05:30,sale
16eb4779-6d60-4b48-af1f-22110ec6be15,9035537,64984,Visa,11.47,2,ContactlessSmartCard,2025-03-11 04:52:17+05:30,sale
060ebb55-1d1e-426f-9c75-fd7d9ac94184,9024637,6290,Visa,66.67,2,ContactlessSmartCard,2025-03-11 04:52:39+05:30,sale
cc32e97a-4d4a-47ad-8af5-3f7338ed01d5,9013391,10165,Visa,36.46,2,SmartCard,2025-03-11 04:54:05+05:30,sale
2188c279-3325-43e7-aac3-f896cb27d460,9076412,34207,Visa,15.08,2,ContactlessSmartCard,2025-03-11 04:55:33+05:30,sale
bcde63d1-fa9a-48ef-84b8-fedcf0e1e331,9076413,33043,Debit,30.33,3,ContactlessSmartCard,2025-03-11 05:02:50+05:30,sale
acd54608-acdc-489b-90c2-969aa7a04014,9045155,2181,Visa,7.65,2,ContactlessSmartCard,2025-03-11 05:03:03+05:30,sale
f8a34e8e-909c-4db0-a03a-5ee6a4040c80,1011421,882711,Am Express,17.11,2,ContactlessSmartCard,2025-03-11 05:06:10+05:30,sale
9e9196e3-6061-40a9-b519-d3564501c491,9084811,12667,Mastercard,58.46,2,ContactlessSmartCard,2025-03-11 05:06:10+05:30,sale
2526c294-2643-4dc6-9fc1-017397da6384,9035538,47,Mastercard F,55.84,2,SmartCard,2025-03-11 05:06:38+05:30,sale
a10af9e2-accf-4d34-ba58-6a5a5e7256ab,1011422,863312,Am Express,1.57,2,ContactlessSmartCard,2025-03-11 05:07:53+05:30,sale
90718aeb-c249-4181-96bb-c31e14011d2f,1011423,,,7.63,1,CASH,2025-03-11 05:13:45+05:30,sale
5e49e504-0d52-4da6-bf09-032acfea436e,9076414,806334,Debit,26.23,3,SmartCard,2025-03-11 05:14:36+05:30,sale
beffd346-da4b-44fe-8484-949e01a36229,1011424,574665,Visa,4.75,2,SmartCard,2025-03-11 05:16:31+05:30,sale
4f30b190-95e7-4ae0-9742-d5b5bc6f15b3,1011425,9522,Visa,5.04,2,ContactlessSmartCard,2025-03-11 05:17:55+05:30,sale
15ef9331-7395-4bd0-aa33-0ada3d6cb407,1011426,85409,Mastercard,33.65,2,ContactlessSmartCard,2025-03-11 05:18:47+05:30,sale
72437f3e-05c1-4c6a-8bfd-a0a6dd3d4329,1011427,556630,Debit,3.15,3,SmartCard,2025-03-11 05:21:38+05:30,sale
eff2a559-c78f-461f-8e8f-d9a7928e6a73,1011428,,,25.00,1,CASH,2025-03-11 05:24:28+05:30,sale
c21a3dd6-3191-43f1-ac80-47f34fba2865,1011428,,,-1.31,1,Change,2025-03-11 05:24:28+05:30,sale
c82cbecf-e5b4-499a-96b0-10e8797f5fa5,9045156,,,25.00,1,CASH,2025-03-11 05:26:31+05:30,sale
fbf19010-4b7b-45dd-8eeb-d9676127ba0b,9045156,,,-1.31,1,Change,2025-03-11 05:26:31+05:30,sale
d8025d82-ae34-4216-8f27-1f87ebc7891e,1011428,,,25.00,1,CASH,2025-03-11 05:24:28+05:30,sale
2ac46df9-b70f-4f78-90bf-a8d28f1b15c2,1011428,,,-1.31,1,Change,2025-03-11 05:24:28+05:30,sale
a26b22a3-8922-4cc2-9a03-df332f822e23,9084812,604,Mastercard,46.36,2,ContactlessSmartCard,2025-03-11 05:27:08+05:30,sale
acf104fa-fbbe-43a5-91a5-6d36f8eac030,9054790,90333,Mastercard,21.09,2,ContactlessSmartCard,2025-03-11 05:29:30+05:30,sale
e763ca1b-75c2-466b-a28b-f3f82b665dbd,1011430,,,10.00,1,CASH,2025-03-11 05:30:31+05:30,sale
07c17a1f-f5b9-4702-a469-349fc6fa6fd2,1011431,,,5.00,1,CASH,2025-03-11 05:30:42+05:30,sale
1315328c-3e2b-49ef-9b22-6affce02d3e3,1011431,,,-1.53,1,Change,2025-03-11 05:30:42+05:30,sale
429f2c14-b4f9-4564-8489-2aa6fc8c5d34,1011432,178785,Mastercard,25.97,2,ContactlessSmartCard,2025-03-11 05:31:28+05:30,sale
189c1e6e-345c-4f7e-884a-466c0a470fb4,1011433,,,20.00,1,CASH,2025-03-11 05:31:44+05:30,sale
341a956c-89e9-478f-9e36-f450ae9672e4,1011433,,,-17.16,1,Change,2025-03-11 05:31:44+05:30,sale
2a4dd0a9-7a94-4d00-910b-9501c3ab1f7e,1011434,,,26.00,1,CASH,2025-03-11 05:32:14+05:30,sale
2c42d1f6-51e7-4d70-9459-9350f234d192,9076415,,Visa,79.69,2,ContactlessSmartCard,2025-03-11 05:32:14+05:30,sale
dcac0f4d-a8a7-4f9d-a13a-17aaaf844871,9024638,,,26.00,1,CASH,2025-03-11 05:34:39+05:30,sale
3242598e-e671-47df-9ba5-10150c3fafb2,1011434,,,26.00,1,CASH,2025-03-11 05:32:13+05:30,sale
bd09c519-8bd2-4f29-b13b-8a9a73e0905b,9054791,498231,Debit,24.39,3,ContactlessSmartCard,2025-03-11 05:36:06+05:30,sale
4eb1b48d-5755-4926-91fa-7b1d4647c1a8,1011436,,,7.00,1,CASH,2025-03-11 05:40:30+05:30,sale
c77bc4e4-fce0-4502-9da2-5801f3476aee,1011436,,,-0.28,1,Change,2025-03-11 05:40:30+05:30,sale
9880eef4-3072-4cb6-a4eb-f4346b1d53a3,9084813,842002,Am Express,41.18,2,SmartCard,2025-03-11 05:41:19+05:30,sale
fd49c5a2-9d54-4e0c-9636-9d21bc0ebaba,1011437,,,25.00,1,CASH,2025-03-11 05:41:29+05:30,sale
5a315aff-1fab-4466-9465-fbaac35939ab,9013392,,,25.00,1,CASH,2025-03-11 05:43:43+05:30,sale
e4e2b506-cbd3-4648-aaed-349994fb6d9e,1011437,,,25.00,1,CASH,2025-03-11 05:41:28+05:30,sale
59899ede-56c6-4d64-8256-ce060c9833c0,9054792,5215,Visa,39.12,2,SmartCard,2025-03-11 05:45:08+05:30,sale
517c53e9-c134-44c5-aea2-dfd8b57f7d1e,1011438,,,20.00,1,CASH,2025-03-11 05:45:30+05:30,sale
2ea9e515-147d-470f-be62-ca519f2d24b4,1011438,,,-14.00,1,Change,2025-03-11 05:45:30+05:30,sale
53828988-476b-4d65-a50f-9e433c1f3a18,9024639,6116,Visa,76.86,2,ContactlessSmartCard,2025-03-11 05:49:05+05:30,sale
9f3f895d-4197-410c-b191-f5c211ada335,1011439,564631,Visa,5.54,2,SmartCard,2025-03-11 05:52:55+05:30,sale
ef506029-d5f6-4e98-92cf-e143345890b8,9024640,187927,Visa,66.92,2,SmartCard,2025-03-11 05:54:19+05:30,sale
bf981f52-a2e8-42fa-a86c-460a2f640f74,9035539,554668,Debit,,3,SmartCard,2025-03-11 05:54:47+05:30,sale
abc83273-f61c-4e0b-bcf5-46bb6664d939,9076416,503417,Debit,24.15,3,SmartCard,2025-03-11 05:55:48+05:30,sale
525eaffb-efea-4db3-84ca-564e6566a4ac,9035540,567361,Debit,20.00,3,SmartCard,2025-03-11 05:57:19+05:30,sale
e3bc7c30-c626-4d5c-b317-d1b46ee17ab1,9076417,528706,Debit,28.02,3,SmartCard,2025-03-11 06:00:46+05:30,sale
01596af8-b929-471b-918f-7ce97b3e3f6f,1011440,,,51.75,1,CASH,2025-03-11 06:09:47+05:30,sale
f56748aa-b198-4d0c-98a3-46e2dcd820aa,1011440,,,-40.00,1,Change,2025-03-11 06:09:47+05:30,sale
524b903b-1fa9-456e-9b0d-2c64b472e0a5,9013393,,,51.75,1,CASH,2025-03-11 06:11:44+05:30,sale
87f24307-c6fa-4380-9dfe-de034e1fa725,9013393,,,-40.00,1,Change,2025-03-11 06:11:44+05:30,sale
44ddb25e-6285-4060-8acf-597def426d49,1011440,,,51.75,1,CASH,2025-03-11 06:09:47+05:30,sale
17603d5e-553b-4e85-aed0-281b99700e2c,1011440,,,-40.00,1,Change,2025-03-11 06:09:47+05:30,sale
06b877b7-c28e-46f0-92da-f0c9d5fb739b,9076418,853145,Am Express,30.60,2,ContactlessSmartCard,2025-03-11 06:20:10+05:30,sale
0bc3d98b-4173-41f4-bc9e-1e1de223c58b,9024641,737,Visa,35.67,2,SmartCard,2025-03-11 06:30:33+05:30,sale
b39b8eb2-ebf2-4e8c-a43b-325f40c4e782,9076419,603269,Wright Exp,55.09,2,Swipe,2025-03-11 06:52:25+05:30,sale
0188ec48-b84f-4ca8-80fc-928b5dfdab50,9054793,9963,Visa,29.35,2,ContactlessSmartCard,2025-03-11 06:59:36+05:30,sale
1a146647-f33e-4eb2-9bdf-ad7279654a8c,1011441,,,5.00,1,CASH,2025-03-11 07:03:03+05:30,sale
89a94d21-13f9-4c46-8062-aa4ad7a9317e,1011441,,,-0.92,1,Change,2025-03-11 07:03:03+05:30,sale
547e78a7-6c2d-4ab4-81e5-98d332d143d6,1011442,54021,Visa,24.37,2,ContactlessSmartCard,2025-03-11 07:05:03+05:30,sale
d129dc46-38af-47ec-aaf3-b863125d5db0,1011443,,,-4.00,1,CASH,2025-03-11 07:08:00+05:30,sale
a8d64f79-bb91-469a-9dfc-608244ad0980,1011444,,,4.00,1,CASH,2025-03-11 07:08:35+05:30,sale
95f925d4-4290-4898-9c35-5c646b91fbd9,1011444,,,50.00,1,CASH,2025-03-11 07:08:35+05:30,sale
4298e40e-c112-46e9-a376-89b4576e4465,1011444,,,-28.00,1,Change,2025-03-11 07:08:35+05:30,sale
08e01bcd-b867-405a-a4e9-33aff02c96c7,1011445,,,20.00,1,CASH,2025-03-11 07:09:03+05:30,sale
350f11c7-d38e-481f-8c46-1fa2e4279bbf,9024642,,,20.00,1,CASH,2025-03-11 07:10:33+05:30,sale
6d390c2a-82dd-4be4-a705-2db039d90dda,1011445,,,20.00,1,CASH,2025-03-11 07:09:02+05:30,sale
30efe516-e7ea-424a-9240-0bf40f7254a5,9035541,84721,Visa,11.69,2,ContactlessSmartCard,2025-03-11 07:12:39+05:30,sale
47c27ccc-5c2c-432d-9bb5-11007750a99b,9084814,186559,Debit,28.63,3,SmartCard,2025-03-11 07:46:21+05:30,sale
ea3dfc2a-bf3c-4c32-9710-6e3a4efb9df7,9084815,643665,Visa,4.01,2,ContactlessSmartCard,2025-03-11 07:48:37+05:30,sale
